<?xml version="1.0" encoding="UTF-8"?>
<State xmlns:xsi="http://www.w3.org/2001/XMLSchema-instance" xmlns="http://www.wldelft.nl/fews/PI" xsi:schemaLocation="http://www.wldelft.nl/fews/PI http://fews.wldelft.nl/schemas/version1.0/pi-schemas/pi_state.xsd" version="1.2">
    <stateId>Default</stateId>
    <timeZone>0.0</timeZone>
    <dateTime date="2020-03-02" time="00:00:00"/>
    <stateLoc type="file">
        <readLocation>C:\Users\z3531278\Documents\01_FEWS-RegionHome-Aus\Modules\Raven\work\Liard.rvc</readLocation>
        <writeLocation>C:\Users\z3531278\Documents\01_FEWS-RegionHome-Aus\Modules\Raven\output\Liard.rvc</writeLocation>
    </stateLoc>
</State>