<?xml version="1.0" encoding="UTF-8"?>
<Run xmlns:xsi="http://www.w3.org/2001/XMLSchema-instance" xmlns="http://www.wldelft.nl/fews/PI" xsi:schemaLocation="http://www.wldelft.nl/fews/PI http://fews.wldelft.nl/schemas/version1.0/pi-schemas/pi_run.xsd" version="1.5">
    <timeZone>0.0</timeZone>
    <startDateTime date="2020-03-02" time="00:00:00"/>
    <endDateTime date="2020-04-01" time="00:00:00"/>
    <time0 date="2020-04-01" time="00:00:00"/>
    <lastObservationDateTime date="2020-04-01" time="00:00:00"/>
    <workDir>C:\Users\z3531278\Documents\01_FEWS-RegionHome-Aus\Modules\Raven</workDir>
    <inputParameterFile>C:\Users\z3531278\Documents\01_FEWS-RegionHome-Aus\Modules\Raven\input\params_ubc.xml</inputParameterFile>
    <inputStateDescriptionFile>C:\Users\z3531278\Documents\01_FEWS-RegionHome-Aus\Modules\Raven\work\stateInfo.xml</inputStateDescriptionFile>
    <inputNetcdfFile>C:\Users\z3531278\Documents\01_FEWS-RegionHome-Aus\Modules\Raven\input\meteo_inputs.nc</inputNetcdfFile>
    <outputDiagnosticFile>C:\Users\z3531278\Documents\01_FEWS-RegionHome-Aus\Modules\Raven\output\diag.xml</outputDiagnosticFile>
    <properties>
        <string key="ModelLocation" value="C:\Users\z3531278\Documents\01_FEWS-RegionHome-Aus\Modules\Raven/work/Raven.exe"/>
        <string key="RunName" value="Liard"/>
        <int key="DebugMode" value="3"/>
    </properties>
</Run>